treatment,replicate_no,dissection_no,id,trophont,gamont,gut_gametocyst,par_presence
B,1,1,A1,0,0,0,0
B,1,1,A2,6,0,0,1
B,1,1,A3,0,0,0,0
B,1,1,A4,0,0,0,0
B,1,1,A5,0,0,0,0
B,1,1,A6,0,0,0,0
B,1,1,A7,0,0,0,0
B,1,1,A8,0,0,0,0
B,1,1,A9,0,0,0,0
B,1,1,A10,29,0,0,1
C,4,1,B1,0,0,0,0
C,4,1,B2,1,0,0,1
C,4,1,B3,10,0,0,1
C,4,1,B4,0,0,0,0
C,4,1,B5,0,0,0,0
C,4,1,B6,5,0,0,1
C,4,1,B7,0,0,0,0
C,4,1,B8,52,0,0,1
C,4,1,B9,31,0,0,1
C,4,1,B10,0,0,0,0
B,4,1,C1,0,0,0,0
B,4,1,C2,0,0,0,0
B,4,1,C3,10,0,0,1
B,4,1,C4,0,0,0,0
B,4,1,C5,21,0,0,1
B,4,1,C6,0,0,0,0
B,4,1,C7,0,0,0,0
B,4,1,C8,0,0,0,0
B,4,1,C9,44,0,0,1
B,4,1,C10,0,0,0,0
D,4,1,D1,62,0,0,1
D,4,1,D2,47,0,0,1
D,4,1,D3,0,0,0,0
D,4,1,D4,47,0,0,1
D,4,1,D5,23,0,0,1
D,4,1,D6,33,0,0,1
D,4,1,D7,0,0,0,0
D,4,1,D8,16,0,0,1
D,4,1,D9,16,0,0,1
D,4,1,D10,0,0,0,0
B,3,1,E1,0,0,0,0
B,3,1,E2,0,0,0,0
B,3,1,E3,11,0,0,1
B,3,1,E4,0,0,0,0
B,3,1,E5,0,0,0,0
B,3,1,E6,0,0,0,0
B,3,1,E7,0,0,0,0
B,3,1,E8,1,0,0,1
B,3,1,E9,0,0,0,0
B,3,1,E10,35,0,0,1
A,1,1,F1,0,0,0,0
A,1,1,F2,0,0,0,0
A,1,1,F3,31,0,0,1
A,1,1,F4,31,0,0,1
A,1,1,F5,0,0,0,0
A,1,1,F6,3,0,0,1
A,1,1,F7,0,0,0,0
A,1,1,F8,0,0,0,0
A,1,1,F9,7,0,0,1
A,1,1,F10,5,0,0,1
D,1,1,G1,22,0,0,1
D,1,1,G2,0,0,0,0
D,1,1,G3,0,0,0,0
D,1,1,G4,0,0,0,0
D,1,1,G5,0,0,0,0
D,1,1,G6,0,0,0,0
D,1,1,G7,0,0,0,0
D,1,1,G8,32,0,0,1
D,1,1,G9,0,0,0,0
D,1,1,G10,4,0,0,1
A,4,1,H1,0,0,0,0
A,4,1,H2,0,0,0,0
A,4,1,H3,0,0,0,0
A,4,1,H4,0,0,0,0
A,4,1,H5,28,0,0,1
A,4,1,H6,48,0,0,1
A,4,1,H7,0,0,0,0
A,4,1,H8,25,0,0,1
A,4,1,H9,0,0,0,0
A,4,1,H10,37,0,0,1
A,2,1,A1,0,0,0,0
A,2,1,A2,0,0,0,0
A,2,1,A3,dead,dead,dead,dead
A,2,1,A4,2,0,0,1
A,2,1,A5,0,0,0,0
A,2,1,A6,0,0,0,0
A,2,1,A7,0,0,0,0
A,2,1,A8,0,0,0,0
A,2,1,A9,22,0,0,1
A,2,1,A10,0,0,0,0
D,3,1,B1,0,0,0,0
D,3,1,B2,8,0,0,1
D,3,1,B3,0,0,0,0
D,3,1,B4,4,0,0,1
D,3,1,B5,0,0,0,0
D,3,1,B6,0,0,0,0
D,3,1,B7,0,0,0,0
D,3,1,B8,7,0,0,1
D,3,1,B9,dead,dead,dead,dead
D,3,1,B10,0,0,0,0
A,5,1,C1,2,0,0,1
A,5,1,C2,6,0,0,1
A,5,1,C3,10,0,0,1
A,5,1,C4,28,0,0,1
A,5,1,C5,10,0,0,1
A,5,1,C6,0,0,0,0
A,5,1,C7,57,0,0,1
A,5,1,C8,2,0,0,1
A,5,1,C9,0,0,0,0
A,5,1,C10,36,0,0,1
C,1,1,D1,0,0,0,0
C,1,1,D2,0,0,0,0
C,1,1,D3,14,0,0,1
C,1,1,D4,13,0,0,1
C,1,1,D5,0,0,0,0
C,1,1,D6,8,0,0,1
C,1,1,D7,0,0,0,0
C,1,1,D8,0,0,0,0
C,1,1,D9,13,0,0,1
C,1,1,D10,10,0,0,1
C,5,1,E1,0,0,0,0
C,5,1,E2,0,0,0,0
C,5,1,E3,0,0,0,0
C,5,1,E4,dead,dead,dead,dead
C,5,1,E5,0,0,0,0
C,5,1,E6,0,0,0,0
C,5,1,E7,21,0,0,1
C,5,1,E8,0,0,0,0
C,5,1,E9,0,0,0,0
C,5,1,E10,11,0,0,1
E,3,1,F1,0,0,0,0
E,3,1,F2,0,0,0,0
E,3,1,F3,3,0,0,1
E,3,1,F4,67,0,0,1
E,3,1,F5,16,0,0,1
E,3,1,F6,0,0,0,0
E,3,1,F7,0,0,0,0
E,3,1,F8,0,0,0,0
E,3,1,F9,7,0,0,1
E,3,1,F10,0,0,0,0
D,2,1,G1,0,0,0,0
D,2,1,G2,61,0,0,1
D,2,1,G3,0,0,0,0
D,2,1,G4,26,0,0,1
D,2,1,G5,2,0,0,1
D,2,1,G6,0,0,0,0
D,2,1,G7,0,0,0,0
D,2,1,G8,0,0,0,0
D,2,1,G9,0,0,0,0
D,2,1,G10,0,0,0,0
D,5,1,H1,5,0,0,1
D,5,1,H2,0,0,0,0
D,5,1,H3,0,0,0,0
D,5,1,H4,dead,dead,dead,dead
D,5,1,H5,0,0,0,0
D,5,1,H6,0,0,0,0
D,5,1,H7,0,0,0,0
D,5,1,H8,bad_dissection,bad_dissection,bad_dissection,bad_dissection
D,5,1,H9,0,0,0,0
D,5,1,H10,0,0,0,0
B,5,1,A1,0,0,0,0
B,5,1,A2,13,0,0,1
B,5,1,A3,0,0,0,0
B,5,1,A4,18,0,0,1
B,5,1,A5,0,0,0,0
B,5,1,A6,0,0,0,0
B,5,1,A7,22,0,0,1
B,5,1,A8,0,0,0,0
B,5,1,A9,42,0,0,1
B,5,1,A10,16,0,0,1
C,2,1,B1,6,0,0,1
C,2,1,B2,0,0,0,0
C,2,1,B3,29,0,0,1
C,2,1,B4,8,0,0,1
C,2,1,B5,0,0,0,0
C,2,1,B6,0,0,0,0
C,2,1,B7,0,0,0,0
C,2,1,B8,0,0,0,0
C,2,1,B9,0,0,0,0
C,2,1,B10,0,0,0,0
E,1,1,C1,25,0,0,1
E,1,1,C2,0,0,0,0
E,1,1,C3,0,0,0,0
E,1,1,C4,4,0,0,1
E,1,1,C5,0,0,0,0
E,1,1,C6,0,0,0,0
E,1,1,C7,0,0,0,0
E,1,1,C8,10,0,0,1
E,1,1,C9,12,0,0,1
E,1,1,C10,17,0,0,1
B,2,1,D1,0,0,0,0
B,2,1,D2,0,0,0,0
B,2,1,D3,0,0,0,0
B,2,1,D4,33,0,0,1
B,2,1,D5,0,0,0,0
B,2,1,D6,35,0,0,1
B,2,1,D7,2,0,0,1
B,2,1,D8,42,0,0,1
B,2,1,D9,49,0,0,1
B,2,1,D10,7,0,0,1
E,2,1,E1,20,0,0,1
E,2,1,E2,30,0,0,1
E,2,1,E3,27,0,0,1
E,2,1,E4,0,0,0,0
E,2,1,E5,51,0,0,1
E,2,1,E6,17,0,0,1
E,2,1,E7,6,0,0,1
E,2,1,E8,13,0,0,1
E,2,1,E9,10,0,0,1
E,2,1,E10,0,0,0,0
E,4,1,F1,21,0,0,1
E,4,1,F2,18,0,0,1
E,4,1,F3,3,0,0,1
E,4,1,F4,16,0,0,1
E,4,1,F5,0,0,0,0
E,4,1,F6,34,0,0,1
E,4,1,F7,0,0,0,0
E,4,1,F8,32,0,0,1
E,4,1,F9,0,0,0,0
E,4,1,F10,23,0,0,1
C,3,1,G1,0,0,0,0
C,3,1,G2,0,0,0,0
C,3,1,G3,14,0,0,1
C,3,1,G4,0,0,0,0
C,3,1,G5,0,0,0,0
C,3,1,G6,0,0,0,0
C,3,1,G7,26,0,0,1
C,3,1,G8,0,0,0,0
C,3,1,G9,7,0,0,1
C,3,1,G10,0,0,0,0
E,5,1,H1,3,0,0,1
E,5,1,H2,0,0,0,0
E,5,1,H3,0,0,0,0
E,5,1,H4,15,0,0,1
E,5,1,H5,0,0,0,0
E,5,1,H6,4,0,0,1
E,5,1,H7,52,0,0,1
E,5,1,H8,0,0,0,0
E,5,1,H9,1,0,0,1
E,5,1,H10,0,0,0,0
A,3,1,A12,0,0,0,0
A,3,1,B12,11,0,0,1
A,3,1,C12,4,0,0,1
A,3,1,D12,0,0,0,0
A,3,1,E12,0,0,0,0
A,3,1,F12,0,0,0,0
A,3,1,G12,0,0,0,0
A,3,1,H12,1,0,0,1
A,3,1,A11,0,0,0,0
A,3,1,B11,0,0,0,0
E,2,2,A1,199,0,0,1
E,2,2,A2,159,0,1,1
E,2,2,A3,135,8,15,1
E,2,2,A4,61,0,0,1
E,2,2,A5,0,0,0,0
E,2,2,A6,14,0,0,1
E,2,2,A7,0,0,0,0
E,2,2,A8,208,0,0,1
E,2,2,A9,21,0,0,1
E,2,2,A10,0,0,0,0
D,3,2,B1,6,0,0,1
D,3,2,B2,1,0,0,1
D,3,2,B3,0,0,0,0
D,3,2,B4,0,0,0,0
D,3,2,B5,9,0,0,1
D,3,2,B6,0,0,0,0
D,3,2,B7,0,0,0,0
D,3,2,B8,62,0,0,1
D,3,2,B9,3,0,0,1
D,3,2,B10,0,0,0,0
A,2,2,C1,52,2,3,1
A,2,2,C2,67,0,0,1
A,2,2,C3,0,0,0,0
A,2,2,C4,186,0,0,1
A,2,2,C5,0,0,0,0
A,2,2,C6,0,0,0,0
A,2,2,C7,202,0,0,1
A,2,2,C8,0,0,0,0
A,2,2,C9,170,0,3,1
A,2,2,C10,0,0,0,0
D,4,2,D1,128,3,22,1
D,4,2,D2,17,0,0,1
D,4,2,D3,0,0,0,0
D,4,2,D4,0,0,0,0
D,4,2,D5,0,0,0,0
D,4,2,D6,1,0,0,1
D,4,2,D7,0,0,0,0
D,4,2,D8,92,0,3,1
D,4,2,D9,1,0,0,1
D,4,2,D10,43,0,1,1
C,2,2,E1,1,0,0,1
C,2,2,E2,0,0,0,0
C,2,2,E3,9,0,0,1
C,2,2,E4,0,0,0,0
C,2,2,E5,8,0,0,1
C,2,2,E6,0,0,0,0
C,2,2,E7,44,0,0,1
C,2,2,E8,0,0,0,0
C,2,2,E9,0,0,0,0
C,2,2,E10,0,0,0,0
A,1,2,F1,0,0,0,0
A,1,2,F2,0,0,0,0
A,1,2,F3,0,0,0,0
A,1,2,F4,0,0,0,0
A,1,2,F5,0,0,0,0
A,1,2,F6,0,0,0,0
A,1,2,F7,0,0,0,0
A,1,2,F8,0,0,1,1
A,1,2,F9,0,0,0,0
A,1,2,F10,0,0,0,0
D,1,2,G1,231,0,0,1
D,1,2,G2,0,0,0,0
D,1,2,G3,14,0,0,1
D,1,2,G4,58,0,0,1
D,1,2,G5,5,0,0,1
D,1,2,G6,11,0,0,1
D,1,2,G7,86,0,0,1
D,1,2,G8,0,0,0,0
D,1,2,G9,139,3,15,1
D,1,2,G10,0,0,0,0
E,5,2,H1,0,0,0,0
E,5,2,H2,104,0,0,1
E,5,2,H3,0,0,0,0
E,5,2,H4,0,0,0,0
E,5,2,H5,255,11,28,1
E,5,2,H6,0,0,0,0
E,5,2,H7,7,0,3,1
E,5,2,H8,24,0,0,1
E,5,2,H9,81,0,0,1
E,5,2,H10,7,0,0,1
B,1,2,A1,2,0,0,1
B,1,2,A2,94,0,1,1
B,1,2,A3,15,0,0,1
B,1,2,A4,117,0,2,1
B,1,2,A5,10,0,0,1
B,1,2,A6,5,0,0,1
B,1,2,A7,61,0,0,1
B,1,2,A8,0,0,0,0
B,1,2,A9,0,0,0,0
B,1,2,A10,0,0,0,0
C,3,2,B1,0,0,0,0
C,3,2,B2,0,0,0,0
C,3,2,B3,73,0,19,1
C,3,2,B4,0,0,0,0
C,3,2,B5,0,0,0,0
C,3,2,B6,0,0,0,0
C,3,2,B7,0,0,0,0
C,3,2,B8,0,0,0,0
C,3,2,B9,0,0,0,0
C,3,2,B10,4,0,0,1
D,5,2,C1,46,0,0,1
D,5,2,C2,0,0,0,0
D,5,2,C3,116,0,19,1
D,5,2,C4,0,0,0,0
D,5,2,C5,0,0,0,0
D,5,2,C6,0,0,0,0
D,5,2,C7,7,2,0,1
D,5,2,C8,0,0,0,0
D,5,2,C9,0,0,0,0
D,5,2,C10,0,0,0,0
B,2,2,D1,10,0,0,1
B,2,2,D2,272,0,0,1
B,2,2,D3,0,0,0,0
B,2,2,D4,0,0,0,0
B,2,2,D5,0,0,0,0
B,2,2,D6,65,0,0,1
B,2,2,D7,0,0,0,0
B,2,2,D8,127,0,7,1
B,2,2,D9,0,0,0,0
B,2,2,D10,0,0,0,0
E,4,2,E1,0,0,0,0
E,4,2,E2,0,0,0,0
E,4,2,E3,43,0,0,1
E,4,2,E4,0,0,0,0
E,4,2,E5,0,0,0,0
E,4,2,E6,43,0,0,1
E,4,2,E7,70,0,0,1
E,4,2,E8,0,1,0,1
E,4,2,E9,0,0,0,0
E,4,2,E10,45,0,23,1
B,3,2,F1,277,0,0,1
B,3,2,F2,3,0,0,1
B,3,2,F3,0,0,0,0
B,3,2,F4,1,0,0,1
B,3,2,F5,0,0,0,0
B,3,2,F6,0,0,0,0
B,3,2,F7,81,1,0,1
B,3,2,F8,253,0,16,1
B,3,2,F9,0,0,0,0
B,3,2,F10,26,0,0,1
D,2,2,G1,54,0,1,1
D,2,2,G2,0,0,0,0
D,2,2,G3,0,0,0,0
D,2,2,G4,1,0,0,1
D,2,2,G5,35,0,0,1
D,2,2,G6,0,0,0,0
D,2,2,G7,0,0,0,0
D,2,2,G8,44,3,0,1
D,2,2,G9,50,2,0,1
D,2,2,G10,0,0,0,0
B,5,2,H1,0,0,0,0
B,5,2,H2,0,0,0,0
B,5,2,H3,0,0,0,0
B,5,2,H4,154,0,0,1
B,5,2,H5,0,0,0,0
B,5,2,H6,0,0,0,0
B,5,2,H7,0,0,0,0
B,5,2,H8,0,0,0,0
B,5,2,H9,98,0,0,1
B,5,2,H10,286,0,0,1
C,5,2,A1,247,0,0,1
C,5,2,A2,6,0,0,1
C,5,2,A3,5,0,0,1
C,5,2,A4,43,0,0,1
C,5,2,A5,36,0,0,1
C,5,2,A6,0,0,0,0
C,5,2,A7,0,0,0,0
C,5,2,A8,0,0,0,0
C,5,2,A9,39,0,3,1
C,5,2,A10,0,0,0,0
E,1,2,B1,50,0,2,1
E,1,2,B2,2,0,0,1
E,1,2,B3,52,0,0,1
E,1,2,B4,0,0,0,0
E,1,2,B5,68,0,0,1
E,1,2,B6,75,0,0,1
E,1,2,B7,1,0,0,1
E,1,2,B8,10,0,3,1
E,1,2,B9,2,0,0,1
E,1,2,B10,32,0,5,1
A,3,2,C1,0,0,0,0
A,3,2,C2,0,0,0,0
A,3,2,C3,3,0,0,1
A,3,2,C4,0,0,0,0
A,3,2,C5,0,0,0,0
A,3,2,C6,0,0,0,0
A,3,2,C7,39,0,0,1
A,3,2,C8,0,0,0,0
A,3,2,C9,0,0,0,0
A,3,2,C10,0,0,0,0
A,5,2,D1,0,0,0,0
A,5,2,D2,0,0,0,0
A,5,2,D3,186,0,0,1
A,5,2,D4,0,0,0,0
A,5,2,D5,0,0,0,0
A,5,2,D6,0,0,0,0
A,5,2,D7,149,0,0,1
A,5,2,D8,0,0,0,0
A,5,2,D9,0,0,0,0
A,5,2,D10,0,0,0,0
E,3,2,E1,111,0,14,1
E,3,2,E2,6,0,0,1
E,3,2,E3,0,0,0,0
E,3,2,E4,0,0,0,0
E,3,2,E5,213,0,0,1
E,3,2,E6,56,0,0,1
E,3,2,E7,0,0,0,0
E,3,2,E8,67,0,0,1
E,3,2,E9,0,0,0,0
E,3,2,E10,0,0,0,0
B,4,2,F1,0,0,0,0
B,4,2,F2,19,0,0,1
B,4,2,F3,44,0,0,1
B,4,2,F4,0,0,0,0
B,4,2,F5,27,0,0,1
B,4,2,F6,0,0,0,0
B,4,2,F7,0,0,0,0
B,4,2,F8,4,0,0,1
B,4,2,F9,0,0,0,0
B,4,2,F10,70,0,0,1
C,1,2,G1,0,0,0,0
C,1,2,G2,0,0,0,0
C,1,2,G3,60,0,0,1
C,1,2,G4,0,0,0,0
C,1,2,G5,4,0,0,1
C,1,2,G6,0,0,0,0
C,1,2,G7,0,0,0,0
C,1,2,G8,4,0,0,1
C,1,2,G9,0,0,0,0
C,1,2,G10,0,0,0,0
C,4,2,H1,12,0,0,1
C,4,2,H2,0,0,0,0
C,4,2,H3,2,0,0,1
C,4,2,H4,0,0,0,0
C,4,2,H5,19,0,0,1
C,4,2,H6,0,1,0,1
C,4,2,H7,48,0,0,1
C,4,2,H8,46,0,0,1
C,4,2,H9,0,0,0,0
C,4,2,H10,0,0,0,0
A,4,2,A12,1,0,0,1
A,4,2,B12,36,0,0,1
A,4,2,C12,0,0,0,0
A,4,2,D12,0,0,0,0
A,4,2,E12,9,0,0,1
A,4,2,F12,2,0,0,1
A,4,2,G12,0,0,0,0
A,4,2,H12,3,0,0,1
A,4,2,A11,63,0,0,1
A,4,2,B11,173,0,0,1
E,3,3,A1,101,0,0,1
E,3,3,A2,13,0,0,1
E,3,3,A3,64,0,0,1
E,3,3,A4,15,0,0,1
E,3,3,A5,0,0,0,0
E,3,3,A6,77,0,0,1
E,3,3,A7,92,0,0,1
E,3,3,A8,42,0,0,1
E,3,3,A9,36,0,0,1
E,3,3,A10,23,0,0,1
A,1,3,B1,0,0,0,0
A,1,3,B2,0,0,0,0
A,1,3,B3,12,0,0,1
A,1,3,B4,3,0,0,1
A,1,3,B5,0,0,0,0
A,1,3,B6,0,0,0,0
A,1,3,B7,107,0,0,1
A,1,3,B8,10,0,0,1
A,1,3,B9,14,0,0,1
A,1,3,B10,40,0,0,1
C,2,3,C1,0,0,0,0
C,2,3,C2,8,0,0,1
C,2,3,C3,44,0,0,1
C,2,3,C4,63,0,0,1
C,2,3,C5,0,0,0,0
C,2,3,C6,49,0,0,1
C,2,3,C7,47,0,0,1
C,2,3,C8,0,0,0,0
C,2,3,C9,0,0,0,0
C,2,3,C10,16,0,0,1
D,2,3,D1,70,0,0,1
D,2,3,D2,0,0,0,0
D,2,3,D3,111,0,0,1
D,2,3,D4,33,0,0,1
D,2,3,D5,1,0,0,1
D,2,3,D6,0,0,0,0
D,2,3,D7,26,0,0,1
D,2,3,D8,26,0,0,1
D,2,3,D9,288,0,10,1
D,2,3,D10,2,0,0,1
A,4,3,E1,40,0,0,1
A,4,3,E2,19,0,0,1
A,4,3,E3,13,0,0,1
A,4,3,E4,0,0,0,0
A,4,3,E5,0,0,0,0
A,4,3,E6,3,0,0,1
A,4,3,E7,215,0,0,1
A,4,3,E8,9,0,0,1
A,4,3,E9,0,0,0,0
A,4,3,E10,pupated,pupated,pupated,pupated
C,3,3,F1,0,0,0,0
C,3,3,F2,0,0,0,0
C,3,3,F3,33,0,0,1
C,3,3,F4,52,0,0,1
C,3,3,F5,58,0,0,1
C,3,3,F6,0,0,0,0
C,3,3,F7,69,0,0,1
C,3,3,F8,22,0,0,1
C,3,3,F9,50,1,0,1
C,3,3,F10,10,0,0,1
C,4,3,G1,8,0,0,1
C,4,3,G2,92,0,0,1
C,4,3,G3,18,0,0,1
C,4,3,G4,483,0,20,1
C,4,3,G5,6,1,0,1
C,4,3,G6,16,0,0,1
C,4,3,G7,19,0,0,1
C,4,3,G8,0,0,0,0
C,4,3,G9,36,7,9,1
C,4,3,G10,0,0,0,0
B,4,3,H1,43,0,6,1
B,4,3,H2,0,0,0,0
B,4,3,H3,4,0,0,1
B,4,3,H4,61,0,0,1
B,4,3,H5,0,0,0,0
B,4,3,H6,27,0,0,1
B,4,3,H7,19,0,0,1
B,4,3,H8,80,28,40,1
B,4,3,H9,33,0,0,1
B,4,3,H10,0,0,0,0
A,5,3,A1,0,0,0,0
A,5,3,A2,5,0,0,1
A,5,3,A3,45,3,0,1
A,5,3,A4,0,0,0,0
A,5,3,A5,77,0,0,1
A,5,3,A6,33,0,0,1
A,5,3,A7,0,0,0,0
A,5,3,A8,1,0,0,1
A,5,3,A9,0,0,0,0
A,5,3,A10,45,0,0,1
E,1,3,B1,12,0,0,1
E,1,3,B2,0,0,0,0
E,1,3,B3,128,0,0,1
E,1,3,B4,40,0,0,1
E,1,3,B5,37,0,0,1
E,1,3,B6,50,0,0,1
E,1,3,B7,41,0,0,1
E,1,3,B8,100,0,0,1
E,1,3,B9,49,0,0,1
E,1,3,B10,0,0,0,0
A,3,3,C1,0,0,0,0
A,3,3,C2,0,0,0,0
A,3,3,C3,63,0,0,1
A,3,3,C4,0,0,0,0
A,3,3,C5,0,0,0,0
A,3,3,C6,2,0,0,1
A,3,3,C7,0,0,0,0
A,3,3,C8,0,0,0,0
A,3,3,C9,56,0,0,1
A,3,3,C10,0,0,0,0
C,1,3,D1,75,0,0,1
C,1,3,D2,0,0,0,0
C,1,3,D3,2,0,0,1
C,1,3,D4,21,0,0,1
C,1,3,D5,146,0,0,1
C,1,3,D6,22,0,0,1
C,1,3,D7,9,0,0,1
C,1,3,D8,7,0,0,1
C,1,3,D9,2,0,0,1
C,1,3,D10,12,0,0,1
E,2,3,E1,64,0,0,1
E,2,3,E2,58,0,0,1
E,2,3,E3,170,0,0,1
E,2,3,E4,4,0,0,1
E,2,3,E5,13,0,0,1
E,2,3,E6,0,0,0,0
E,2,3,E7,79,0,0,1
E,2,3,E8,65,0,0,1
E,2,3,E9,41,0,0,1
E,2,3,E10,73,0,0,1
B,5,3,F1,55,0,0,1
B,5,3,F2,0,0,0,0
B,5,3,F3,47,0,0,1
B,5,3,F4,0,0,0,0
B,5,3,F5,pupated,pupated,pupated,pupated
B,5,3,F6,14,0,0,1
B,5,3,F7,22,0,0,1
B,5,3,F8,0,0,0,0
B,5,3,F9,116,0,0,1
B,5,3,F10,41,0,0,1
D,5,3,G1,0,0,9,1
D,5,3,G2,98,0,0,1
D,5,3,G3,0,0,0,0
D,5,3,G4,7,0,0,1
D,5,3,G5,88,0,0,1
D,5,3,G6,72,0,0,1
D,5,3,G7,12,0,0,1
D,5,3,G8,10,0,0,1
D,5,3,G9,19,0,0,1
D,5,3,G10,0,0,0,0
E,5,3,H1,6,0,0,1
E,5,3,H2,0,0,0,0
E,5,3,H3,16,0,0,1
E,5,3,H4,30,0,0,1
E,5,3,H5,0,0,0,0
E,5,3,H6,60,0,0,1
E,5,3,H7,0,0,0,0
E,5,3,H8,59,0,3,1
E,5,3,H9,29,0,0,1
E,5,3,H10,74,0,0,1
B,3,3,A1,1,0,0,1
B,3,3,A2,129,0,0,1
B,3,3,A3,22,0,0,1
B,3,3,A4,21,0,3,1
B,3,3,A5,76,0,0,1
B,3,3,A6,22,0,0,1
B,3,3,A7,1,0,0,1
B,3,3,A8,55,0,0,1
B,3,3,A9,0,0,0,0
B,3,3,A10,3,0,0,1
D,4,3,B1,78,0,0,1
D,4,3,B2,154,0,0,1
D,4,3,B3,15,0,0,1
D,4,3,B4,59,0,0,1
D,4,3,B5,40,0,0,1
D,4,3,B6,34,0,0,1
D,4,3,B7,25,0,0,1
D,4,3,B8,16,0,0,1
D,4,3,B9,79,0,0,1
D,4,3,B10,53,0,0,1
A,2,3,C1,143,0,0,1
A,2,3,C2,20,0,0,1
A,2,3,C3,23,0,0,1
A,2,3,C4,0,0,0,0
A,2,3,C5,53,0,0,1
A,2,3,C6,15,0,0,1
A,2,3,C7,25,0,0,1
A,2,3,C8,36,0,0,1
A,2,3,C9,pupated,pupated,pupated,pupated
A,2,3,C10,13,0,0,1
E,4,3,D1,184,0,0,1
E,4,3,D2,1,0,0,1
E,4,3,D3,34,0,0,1
E,4,3,D4,166,0,0,1
E,4,3,D5,85,3,1,1
E,4,3,D6,410,11,13,1
E,4,3,D7,0,0,0,0
E,4,3,D8,27,0,0,1
E,4,3,D9,104,0,0,1
E,4,3,D10,44,0,0,1
C,5,3,E1,1,0,0,1
C,5,3,E2,11,0,0,1
C,5,3,E3,22,0,2,1
C,5,3,E4,0,0,0,0
C,5,3,E5,58,0,0,1
C,5,3,E6,0,0,0,0
C,5,3,E7,0,0,0,0
C,5,3,E8,161,0,0,1
C,5,3,E9,0,0,0,0
C,5,3,E10,33,0,0,1
D,3,3,F1,1,0,0,1
D,3,3,F2,44,0,0,1
D,3,3,F3,0,0,0,0
D,3,3,F4,78,0,0,1
D,3,3,F5,24,0,0,1
D,3,3,F6,43,0,1,1
D,3,3,F7,96,1,5,1
D,3,3,F8,0,0,0,0
D,3,3,F9,0,0,0,0
D,3,3,F10,42,0,0,1
B,1,3,G1,59,0,0,1
B,1,3,G2,98,0,0,1
B,1,3,G3,63,0,0,1
B,1,3,G4,13,0,0,1
B,1,3,G5,21,0,0,1
B,1,3,G6,0,0,0,0
B,1,3,G7,6,0,0,1
B,1,3,G8,31,0,0,1
B,1,3,G9,13,0,0,1
B,1,3,G10,16,0,0,1
B,2,3,H1,87,0,0,1
B,2,3,H2,29,0,0,1
B,2,3,H3,86,0,0,1
B,2,3,H4,0,0,0,0
B,2,3,H5,17,0,0,1
B,2,3,H6,2,0,0,1
B,2,3,H7,0,0,0,0
B,2,3,H8,64,0,0,1
B,2,3,H9,0,0,0,0
B,2,3,H10,44,0,0,1
D,1,3,A12,23,0,0,1
D,1,3,B12,15,0,0,1
D,1,3,C12,60,0,0,1
D,1,3,D12,47,0,0,1
D,1,3,E12,0,0,0,0
D,1,3,F12,0,0,0,0
D,1,3,G12,431,0,0,1
D,1,3,H12,37,0,0,1
D,1,3,A11,0,0,0,0
D,1,3,B11,2,0,0,1
C,1,4,A1,37,0,0,1
C,1,4,A2,42,0,0,1
C,1,4,A3,192,0,0,1
C,1,4,A4,4,0,0,1
C,1,4,A5,0,0,0,0
C,1,4,A6,10,0,0,1
C,1,4,A7,359,0,0,1
C,1,4,A8,0,0,0,0
C,1,4,A9,0,0,0,0
C,1,4,A10,107,0,0,1
B,2,4,B1,173,0,4,1
B,2,4,B2,0,0,0,0
B,2,4,B3,0,0,0,0
B,2,4,B4,0,0,0,0
B,2,4,B5,231,0,0,1
B,2,4,B6,0,0,0,0
B,2,4,B7,0,0,0,0
B,2,4,B8,88,0,0,1
B,2,4,B9,57,0,0,1
B,2,4,B10,0,0,0,0
A,1,4,C1,2,0,0,1
A,1,4,C2,61,0,0,1
A,1,4,C3,0,0,0,0
A,1,4,C4,208,0,0,1
A,1,4,C5,0,0,0,0
A,1,4,C6,48,0,0,1
A,1,4,C7,15,0,0,1
A,1,4,C8,8,2,0,1
A,1,4,C9,0,0,0,0
A,1,4,C10,0,0,0,0
B,3,4,D1,0,0,0,0
B,3,4,D2,0,0,0,0
B,3,4,D3,81,0,0,1
B,3,4,D4,30,0,0,1
B,3,4,D5,0,0,0,0
B,3,4,D6,0,0,0,0
B,3,4,D7,0,0,0,0
B,3,4,D8,5,0,0,1
B,3,4,D9,56,0,0,1
B,3,4,D10,5,0,0,1
C,4,4,E1,0,0,0,0
C,4,4,E2,0,0,0,0
C,4,4,E3,191,0,0,1
C,4,4,E4,5,0,0,1
C,4,4,E5,82,0,0,1
C,4,4,E6,0,0,0,0
C,4,4,E7,0,0,0,0
C,4,4,E8,133,0,0,1
C,4,4,E9,0,0,0,0
C,4,4,E10,57,0,0,1
D,2,4,F1,0,0,0,0
D,2,4,F2,0,0,0,0
D,2,4,F3,165,0,0,1
D,2,4,F4,4,0,0,1
D,2,4,F5,114,0,0,1
D,2,4,F6,158,0,0,1
D,2,4,F7,0,0,0,0
D,2,4,F8,168,0,0,1
D,2,4,F9,0,0,0,0
D,2,4,F10,212,2,0,1
A,4,4,G1,dead,dead,dead,dead
A,4,4,G2,93,0,0,1
A,4,4,G3,2,0,0,1
A,4,4,G4,0,0,0,0
A,4,4,G5,0,0,0,0
A,4,4,G6,7,0,0,1
A,4,4,G7,27,0,0,1
A,4,4,G8,24,0,0,1
A,4,4,G9,pupated,pupated,pupated,pupated
A,4,4,G10,10,0,0,1
D,5,4,H1,85,1,1,1
D,5,4,H2,223,0,0,1
D,5,4,H3,165,0,0,1
D,5,4,H4,152,0,0,1
D,5,4,H5,101,0,0,1
D,5,4,H6,0,0,0,0
D,5,4,H7,1,0,0,1
D,5,4,H8,125,0,8,1
D,5,4,H9,2,0,0,1
D,5,4,H10,0,0,0,0
A,2,4,A1,376,0,0,1
A,2,4,A2,0,0,0,0
A,2,4,A3,1,0,0,1
A,2,4,A4,57,0,0,1
A,2,4,A5,0,0,0,0
A,2,4,A6,24,0,0,1
A,2,4,A7,6,0,0,1
A,2,4,A8,0,0,0,0
A,2,4,A9,0,0,0,0
A,2,4,A10,27,0,0,1
E,4,4,B1,40,0,0,1
E,4,4,B2,0,0,0,0
E,4,4,B3,10,0,0,1
E,4,4,B4,0,0,0,0
E,4,4,B5,30,0,0,1
E,4,4,B6,53,0,0,1
E,4,4,B7,0,0,0,0
E,4,4,B8,0,0,0,0
E,4,4,B9,16,0,0,1
E,4,4,B10,61,1,3,1
D,3,4,C1,371,0,2,1
D,3,4,C2,pupated,pupated,pupated,pupated
D,3,4,C3,0,0,0,0
D,3,4,C4,21,0,0,1
D,3,4,C5,68,0,0,1
D,3,4,C6,0,0,0,0
D,3,4,C7,152,0,0,1
D,3,4,C8,0,0,0,0
D,3,4,C9,74,2,0,1
D,3,4,C10,pupated,pupated,pupated,pupated
C,2,4,D1,58,0,0,1
C,2,4,D2,8,0,0,1
C,2,4,D3,2,0,0,1
C,2,4,D4,25,0,0,1
C,2,4,D5,86,0,0,1
C,2,4,D6,0,0,0,0
C,2,4,D7,0,0,0,0
C,2,4,D8,165,0,0,1
C,2,4,D9,19,0,0,1
C,2,4,D10,236,0,28,1
E,1,4,E1,0,0,0,0
E,1,4,E2,0,0,0,0
E,1,4,E3,0,0,0,0
E,1,4,E4,14,0,0,1
E,1,4,E5,187,0,0,1
E,1,4,E6,65,0,4,1
E,1,4,E7,1,0,0,1
E,1,4,E8,pupated,pupated,pupated,pupated
E,1,4,E9,71,0,0,1
E,1,4,E10,150,0,0,1
E,2,4,F1,114,0,0,1
E,2,4,F2,23,0,0,1
E,2,4,F3,318,0,0,1
E,2,4,F4,5,0,0,1
E,2,4,F5,44,0,0,1
E,2,4,F6,pupated,pupated,pupated,pupated
E,2,4,F7,2,0,0,1
E,2,4,F8,12,0,0,1
E,2,4,F9,26,0,0,1
E,2,4,F10,0,0,0,0
A,3,4,G1,75,0,1,1
A,3,4,G2,75,0,0,1
A,3,4,G3,4,0,0,1
A,3,4,G4,0,0,0,0
A,3,4,G5,37,0,0,1
A,3,4,G6,247,0,0,1
A,3,4,G7,182,0,0,1
A,3,4,G8,60,0,0,1
A,3,4,G9,0,0,0,0
A,3,4,G10,0,0,0,0
C,3,4,H1,96,0,0,1
C,3,4,H2,5,0,0,1
C,3,4,H3,1,0,0,1
C,3,4,H4,0,0,0,0
C,3,4,H5,45,0,0,1
C,3,4,H6,42,0,0,1
C,3,4,H7,40,0,0,1
C,3,4,H8,294,0,3,1
C,3,4,H9,6,0,0,1
C,3,4,H10,2,0,0,1
C,5,4,A1,5,0,0,1
C,5,4,A2,16,0,0,1
C,5,4,A3,4,0,0,1
C,5,4,A4,76,0,0,1
C,5,4,A5,0,0,0,0
C,5,4,A6,17,0,0,1
C,5,4,A7,19,0,0,1
C,5,4,A8,pupated,pupated,pupated,pupated
C,5,4,A9,51,0,0,1
C,5,4,A10,88,0,0,1
B,5,4,B1,0,0,0,0
B,5,4,B2,82,0,0,1
B,5,4,B3,82,0,0,1
B,5,4,B4,0,0,0,0
B,5,4,B5,76,0,0,1
B,5,4,B6,92,0,0,1
B,5,4,B7,143,0,0,1
B,5,4,B8,193,0,0,1
B,5,4,B9,0,0,0,0
B,5,4,B10,0,0,0,0
E,3,4,C1,28,0,0,1
E,3,4,C2,9,0,0,1
E,3,4,C3,63,0,0,1
E,3,4,C4,16,0,0,1
E,3,4,C5,69,0,0,1
E,3,4,C6,27,0,0,1
E,3,4,C7,204,0,0,1
E,3,4,C8,pupated,pupated,pupated,pupated
E,3,4,C9,pupated,pupated,pupated,pupated
E,3,4,C10,0,0,0,0
A,5,4,D1,16,0,0,1
A,5,4,D2,dead,dead,dead,dead
A,5,4,D3,0,0,0,0
A,5,4,D4,13,0,0,1
A,5,4,D5,0,0,0,0
A,5,4,D6,54,0,0,1
A,5,4,D7,0,0,0,0
A,5,4,D8,22,0,0,1
A,5,4,D9,0,0,0,0
A,5,4,D10,56,0,0,1
D,1,4,E1,0,0,0,0
D,1,4,E2,0,0,0,0
D,1,4,E3,0,0,0,0
D,1,4,E4,0,0,0,0
D,1,4,E5,0,0,0,0
D,1,4,E6,pupated,pupated,pupated,pupated
D,1,4,E7,48,0,0,1
D,1,4,E8,0,0,0,0
D,1,4,E9,55,0,0,1
D,1,4,E10,71,0,0,1
E,5,4,F1,0,0,0,0
E,5,4,F2,39,0,0,1
E,5,4,F3,89,0,0,1
E,5,4,F4,142,0,0,1
E,5,4,F5,109,0,0,1
E,5,4,F6,64,0,0,1
E,5,4,F7,0,0,0,0
E,5,4,F8,298,0,10,1
E,5,4,F9,0,0,0,0
E,5,4,F10,17,0,0,1
B,1,4,G1,2,0,0,1
B,1,4,G2,5,0,0,1
B,1,4,G3,53,0,0,1
B,1,4,G4,0,0,0,0
B,1,4,G5,190,0,0,1
B,1,4,G6,0,0,0,0
B,1,4,G7,0,0,0,0
B,1,4,G8,69,0,0,1
B,1,4,G9,126,0,2,1
B,1,4,G10,0,0,0,0
D,4,4,H1,3,0,0,1
D,4,4,H2,53,0,2,1
D,4,4,H3,29,0,0,1
D,4,4,H4,0,0,0,0
D,4,4,H5,130,0,0,1
D,4,4,H6,0,0,0,0
D,4,4,H7,45,0,0,1
D,4,4,H8,0,0,0,0
D,4,4,H9,75,0,0,1
D,4,4,H10,0,0,0,0
B,4,4,A12,83,0,0,1
B,4,4,B12,70,0,0,1
B,4,4,C12,0,0,0,0
B,4,4,D12,212,0,0,1
B,4,4,E12,0,0,0,0
B,4,4,F12,0,0,0,0
B,4,4,G12,31,0,0,1
B,4,4,H12,54,0,0,1
B,4,4,A11,37,0,0,1
B,4,4,B11,0,0,0,0
E,3,5,A1,14,0,0,1
E,3,5,A2,0,0,0,0
E,3,5,A3,10,0,0,1
E,3,5,A4,213,0,0,1
E,3,5,A5,102,0,0,1
E,3,5,A6,89,0,0,1
E,3,5,A7,12,0,0,1
E,3,5,A8,pupated,pupated,pupated,pupated
E,3,5,A9,0,0,0,0
E,3,5,A10,280,0,1,1
C,3,5,B1,77,0,0,1
C,3,5,B2,237,0,13,1
C,3,5,B3,0,0,0,0
C,3,5,B4,83,0,0,1
C,3,5,B5,163,0,0,1
C,3,5,B6,178,0,0,1
C,3,5,B7,87,0,1,1
C,3,5,B8,23,0,0,1
C,3,5,B9,0,0,0,0
C,3,5,B10,0,0,0,0
E,2,5,C1,333,0,0,1
E,2,5,C2,137,0,3,1
E,2,5,C3,159,0,0,1
E,2,5,C4,61,0,0,1
E,2,5,C5,0,0,0,0
E,2,5,C6,52,0,0,1
E,2,5,C7,0,0,0,0
E,2,5,C8,0,0,0,0
E,2,5,C9,bad_dissection,bad_dissection,bad_dissection,bad_dissection
E,2,5,C10,29,0,0,1
B,2,5,D1,0,0,0,0
B,2,5,D2,0,0,0,0
B,2,5,D3,11,0,0,1
B,2,5,D4,2,0,0,1
B,2,5,D5,37,0,0,1
B,2,5,D6,35,0,0,1
B,2,5,D7,0,0,0,0
B,2,5,D8,24,0,0,1
B,2,5,D9,344,0,0,1
B,2,5,D10,27,0,0,1
D,4,5,E1,340,0,0,1
D,4,5,E2,27,0,1,1
D,4,5,E3,94,0,0,1
D,4,5,E4,7,0,0,1
D,4,5,E5,0,0,0,0
D,4,5,E6,120,0,0,1
D,4,5,E7,3,0,0,1
D,4,5,E8,112,0,0,1
D,4,5,E9,108,0,0,1
D,4,5,E10,115,0,0,1
A,2,5,F1,0,0,0,0
A,2,5,F2,dead,dead,dead,dead
A,2,5,F3,12,0,0,1
A,2,5,F4,0,0,0,0
A,2,5,F5,11,0,0,1
A,2,5,F6,9,0,0,1
A,2,5,F7,13,0,0,1
A,2,5,F8,81,0,0,1
A,2,5,F9,204,0,0,1
A,2,5,F10,0,0,0,0
D,2,5,G1,179,0,0,1
D,2,5,G2,255,0,0,1
D,2,5,G3,1,0,0,1
D,2,5,G4,121,0,0,1
D,2,5,G5,4,0,0,1
D,2,5,G6,286,0,57,1
D,2,5,G7,39,0,0,1
D,2,5,G8,0,0,0,0
D,2,5,G9,0,0,0,0
D,2,5,G10,191,0,0,1
D,1,5,H1,102,0,0,1
D,1,5,H2,99,0,0,1
D,1,5,H3,114,0,0,1
D,1,5,H4,149,0,0,1
D,1,5,H5,0,0,0,0
D,1,5,H6,1,0,0,1
D,1,5,H7,23,0,0,1
D,1,5,H8,163,0,1,1
D,1,5,H9,1,0,0,1
D,1,5,H10,0,0,0,0
D,5,5,A1,75,0,0,1
D,5,5,A2,95,0,0,1
D,5,5,A3,14,0,0,1
D,5,5,A4,41,0,0,1
D,5,5,A5,0,0,0,0
D,5,5,A6,136,0,0,1
D,5,5,A7,169,0,0,1
D,5,5,A8,380,0,0,1
D,5,5,A9,172,0,0,1
D,5,5,A10,133,0,0,1
C,5,5,B1,3,0,0,1
C,5,5,B2,0,0,0,0
C,5,5,B3,31,0,0,1
C,5,5,B4,145,0,0,1
C,5,5,B5,97,0,0,1
C,5,5,B6,30,0,0,1
C,5,5,B7,33,0,0,1
C,5,5,B8,0,0,0,0
C,5,5,B9,90,0,0,1
C,5,5,B10,21,0,0,1
A,5,5,C1,17,0,0,1
A,5,5,C2,27,0,0,1
A,5,5,C3,20,0,0,1
A,5,5,C4,0,0,0,0
A,5,5,C5,26,0,1,1
A,5,5,C6,0,0,0,0
A,5,5,C7,36,0,0,1
A,5,5,C8,4,0,0,1
A,5,5,C9,0,0,0,0
A,5,5,C10,0,0,0,0
B,4,5,D1,67,0,0,1
B,4,5,D2,97,0,0,1
B,4,5,D3,161,0,0,1
B,4,5,D4,0,0,0,0
B,4,5,D5,19,0,0,1
B,4,5,D6,0,0,0,0
B,4,5,D7,0,0,0,0
B,4,5,D8,10,0,0,1
B,4,5,D9,10,0,1,1
B,4,5,D10,3,0,0,1
C,2,5,E1,105,0,0,1
C,2,5,E2,19,0,0,1
C,2,5,E3,92,0,0,1
C,2,5,E4,1,0,0,1
C,2,5,E5,0,0,0,0
C,2,5,E6,30,0,0,1
C,2,5,E7,57,0,0,1
C,2,5,E8,34,0,0,1
C,2,5,E9,dead,dead,dead,dead
C,2,5,E10,2,0,0,1
B,5,5,F1,1,0,0,1
B,5,5,F2,85,0,0,1
B,5,5,F3,20,0,0,1
B,5,5,F4,0,0,0,0
B,5,5,F5,63,0,0,1
B,5,5,F6,0,0,0,0
B,5,5,F7,0,0,0,0
B,5,5,F8,87,0,1,1
B,5,5,F9,24,0,0,1
B,5,5,F10,55,0,0,1
E,5,5,G1,41,0,0,1
E,5,5,G2,64,0,8,1
E,5,5,G3,0,0,0,0
E,5,5,G4,62,0,0,1
E,5,5,G5,50,0,0,1
E,5,5,G6,40,0,0,1
E,5,5,G7,196,0,0,1
E,5,5,G8,0,0,0,0
E,5,5,G9,52,0,0,1
E,5,5,G10,0,0,0,0
A,1,5,H1,0,0,0,0
A,1,5,H2,72,0,0,1
A,1,5,H3,44,0,0,1
A,1,5,H4,0,0,0,0
A,1,5,H5,0,0,0,0
A,1,5,H6,4,0,0,1
A,1,5,H7,9,0,0,1
A,1,5,H8,0,0,0,0
A,1,5,H9,0,0,0,0
A,1,5,H10,0,0,0,0
D,3,5,A1,0,0,0,0
D,3,5,A2,78,0,0,1
D,3,5,A3,76,0,0,1
D,3,5,A4,73,0,0,1
D,3,5,A5,0,0,0,0
D,3,5,A6,62,0,0,1
D,3,5,A7,58,0,0,1
D,3,5,A8,0,0,0,0
D,3,5,A9,0,0,0,0
D,3,5,A10,132,0,0,1
A,3,5,B1,67,0,0,1
A,3,5,B2,37,0,2,1
A,3,5,B3,5,0,0,1
A,3,5,B4,4,0,0,1
A,3,5,B5,34,0,0,1
A,3,5,B6,40,0,0,1
A,3,5,B7,0,0,0,0
A,3,5,B8,93,0,1,1
A,3,5,B9,62,0,0,1
A,3,5,B10,33,0,0,1
E,4,5,C1,0,0,0,0
E,4,5,C2,0,0,0,0
E,4,5,C3,38,0,0,1
E,4,5,C4,26,0,0,1
E,4,5,C5,0,0,0,0
E,4,5,C6,92,0,1,1
E,4,5,C7,9,0,2,1
E,4,5,C8,0,0,0,0
E,4,5,C9,0,0,0,0
E,4,5,C10,0,0,0,0
A,4,5,D1,16,0,0,1
A,4,5,D2,50,0,0,1
A,4,5,D3,43,0,0,1
A,4,5,D4,47,0,0,1
A,4,5,D5,0,0,0,0
A,4,5,D6,3,0,0,1
A,4,5,D7,8,0,0,1
A,4,5,D8,42,0,0,1
A,4,5,D9,0,0,0,0
A,4,5,D10,0,0,0,0
E,1,5,E1,91,0,0,1
E,1,5,E2,29,0,0,1
E,1,5,E3,140,0,0,1
E,1,5,E4,0,0,0,0
E,1,5,E5,57,0,0,1
E,1,5,E6,0,0,0,0
E,1,5,E7,40,0,0,1
E,1,5,E8,59,0,0,1
E,1,5,E9,69,0,0,1
E,1,5,E10,63,0,0,1
B,1,5,F1,49,0,0,1
B,1,5,F2,56,0,0,1
B,1,5,F3,123,0,0,1
B,1,5,F4,0,0,0,0
B,1,5,F5,3,0,0,1
B,1,5,F6,72,0,0,1
B,1,5,F7,3,0,0,1
B,1,5,F8,30,0,0,1
B,1,5,F9,105,0,2,1
B,1,5,F10,108,0,0,1
C,4,5,G1,0,0,0,0
C,4,5,G2,102,0,0,1
C,4,5,G3,77,0,0,1
C,4,5,G4,62,0,0,1
C,4,5,G5,14,0,0,1
C,4,5,G6,103,0,0,1
C,4,5,G7,8,0,0,1
C,4,5,G8,70,0,0,1
C,4,5,G9,0,0,0,0
C,4,5,G10,0,0,0,0
B,3,5,H1,7,0,0,1
B,3,5,H2,85,0,0,1
B,3,5,H3,0,0,0,0
B,3,5,H4,24,0,0,1
B,3,5,H5,0,0,0,0
B,3,5,H6,114,0,0,1
B,3,5,H7,33,0,0,1
B,3,5,H8,0,0,0,0
B,3,5,H9,0,0,0,0
B,3,5,H10,18,0,0,1
C,1,5,A12,25,0,0,1
C,1,5,B12,33,0,0,1
C,1,5,C12,3,0,0,1
C,1,5,D12,0,0,0,0
C,1,5,E12,6,0,0,1
C,1,5,F12,0,0,0,0
C,1,5,G12,76,0,0,1
C,1,5,H12,108,0,0,1
C,1,5,A11,15,0,0,1
C,1,5,B11,77,0,0,1
E,3,6,A1,8,0,0,1
E,3,6,A2,pupated,pupated,pupated,pupated
E,3,6,A3,50,0,0,1
E,3,6,A4,pupated,pupated,pupated,pupated
E,3,6,A5,pupated,pupated,pupated,pupated
E,3,6,A6,0,0,0,0
E,3,6,A7,pupated,pupated,pupated,pupated
E,3,6,A8,pupated,pupated,pupated,pupated
E,3,6,A9,pupated,pupated,pupated,pupated
E,3,6,A10,pupated,pupated,pupated,pupated
D,2,6,B1,21,0,0,1
D,2,6,B2,0,0,0,0
D,2,6,B3,283,0,3,1
D,2,6,B4,0,0,0,0
D,2,6,B5,33,0,0,1
D,2,6,B6,276,0,4,1
D,2,6,B7,46,0,0,1
D,2,6,B8,150,0,0,1
D,2,6,B9,202,0,0,1
D,2,6,B10,53,0,0,1
B,5,6,C1,37,0,0,1
B,5,6,C2,11,0,0,1
B,5,6,C3,1,1,0,1
B,5,6,C4,18,0,0,1
B,5,6,C5,219,0,7,1
B,5,6,C6,323,0,17,1
B,5,6,C7,0,0,0,0
B,5,6,C8,2,0,0,1
B,5,6,C9,4,0,0,1
B,5,6,C10,29,0,1,1
A,4,6,D1,58,0,0,1
A,4,6,D2,0,0,0,0
A,4,6,D3,4,0,0,1
A,4,6,D4,2,0,0,1
A,4,6,D5,6,0,0,1
A,4,6,D6,0,0,0,0
A,4,6,D7,0,0,0,0
A,4,6,D8,124,0,0,1
A,4,6,D9,0,1,0,1
A,4,6,D10,55,0,0,1
B,3,6,E1,26,0,0,1
B,3,6,E2,0,0,0,0
B,3,6,E3,344,0,0,1
B,3,6,E4,8,0,0,1
B,3,6,E5,2,0,0,1
B,3,6,E6,0,0,0,0
B,3,6,E7,0,0,0,0
B,3,6,E8,48,0,0,1
B,3,6,E9,114,0,0,1
B,3,6,E10,119,0,0,1
A,1,6,F1,dead,dead,dead,dead
A,1,6,F2,33,0,0,1
A,1,6,F3,12,0,1,1
A,1,6,F4,0,0,0,0
A,1,6,F5,0,0,0,0
A,1,6,F6,88,0,4,1
A,1,6,F7,15,1,0,1
A,1,6,F8,1,0,0,1
A,1,6,F9,0,0,0,0
A,1,6,F10,35,0,0,1
D,5,6,G1,0,0,0,0
D,5,6,G2,76,0,0,1
D,5,6,G3,38,0,0,1
D,5,6,G4,3,0,0,1
D,5,6,G5,185,0,0,1
D,5,6,G6,75,0,0,1
D,5,6,G7,28,0,0,1
D,5,6,G8,0,0,0,0
D,5,6,G9,0,0,0,0
D,5,6,G10,3,1,0,1
D,3,6,H1,6,0,0,1
D,3,6,H2,118,0,0,1
D,3,6,H3,26,0,0,1
D,3,6,H4,0,0,0,0
D,3,6,H5,0,0,0,0
D,3,6,H6,206,0,0,1
D,3,6,H7,5,0,0,1
D,3,6,H8,0,0,0,0
D,3,6,H9,166,0,0,1
D,3,6,H10,129,1,0,1
C,1,6,A1,81,0,0,1
C,1,6,A2,14,0,0,1
C,1,6,A3,169,0,0,1
C,1,6,A4,0,0,0,0
C,1,6,A5,45,0,0,1
C,1,6,A6,0,0,0,0
C,1,6,A7,0,0,0,0
C,1,6,A8,30,0,0,1
C,1,6,A9,339,0,2,1
C,1,6,A10,40,0,0,1
D,4,6,B1,4,0,0,1
D,4,6,B2,148,0,0,1
D,4,6,B3,38,0,0,1
D,4,6,B4,43,0,0,1
D,4,6,B5,179,0,0,1
D,4,6,B6,36,0,0,1
D,4,6,B7,0,0,0,0
D,4,6,B8,0,0,0,0
D,4,6,B9,51,0,0,1
D,4,6,B10,73,0,1,1
A,3,6,C1,0,0,0,0
A,3,6,C2,0,0,0,0
A,3,6,C3,0,0,0,0
A,3,6,C4,4,2,0,1
A,3,6,C5,28,0,0,1
A,3,6,C6,0,0,0,0
A,3,6,C7,91,0,0,1
A,3,6,C8,0,0,0,0
A,3,6,C9,pupated,pupated,pupated,pupated
A,3,6,C10,0,0,0,0
D,1,6,D1,52,0,0,1
D,1,6,D2,60,0,0,1
D,1,6,D3,18,0,0,1
D,1,6,D4,0,0,0,0
D,1,6,D5,24,1,0,1
D,1,6,D6,167,0,0,1
D,1,6,D7,9,0,0,1
D,1,6,D8,42,0,0,1
D,1,6,D9,44,0,0,1
D,1,6,D10,dead,dead,dead,dead
C,5,6,E1,1,0,0,1
C,5,6,E2,10,0,0,1
C,5,6,E3,58,0,2,1
C,5,6,E4,121,0,1,1
C,5,6,E5,48,0,0,1
C,5,6,E6,16,0,0,1
C,5,6,E7,0,0,0,0
C,5,6,E8,0,0,0,0
C,5,6,E9,0,0,0,0
C,5,6,E10,21,0,0,1
A,5,6,F1,0,0,0,0
A,5,6,F2,140,1,2,1
A,5,6,F3,0,0,0,0
A,5,6,F4,1,0,0,1
A,5,6,F5,0,0,0,0
A,5,6,F6,38,0,1,1
A,5,6,F7,35,0,0,1
A,5,6,F8,17,0,0,1
A,5,6,F9,0,0,0,0
A,5,6,F10,0,0,0,0
C,4,6,G1,8,0,0,1
C,4,6,G2,0,0,0,0
C,4,6,G3,55,0,0,1
C,4,6,G4,6,0,0,1
C,4,6,G5,86,0,1,1
C,4,6,G6,0,0,0,0
C,4,6,G7,11,3,0,1
C,4,6,G8,14,0,0,1
C,4,6,G9,151,0,0,1
C,4,6,G10,0,0,0,0
B,1,6,H1,0,0,0,0
B,1,6,H2,50,0,0,1
B,1,6,H3,pupated,pupated,pupated,pupated
B,1,6,H4,0,0,0,0
B,1,6,H5,26,0,0,1
B,1,6,H6,3,0,0,1
B,1,6,H7,6,0,0,1
B,1,6,H8,53,0,0,1
B,1,6,H9,0,0,0,0
B,1,6,H10,201,0,0,1
B,2,6,A1,2,0,0,1
B,2,6,A2,73,0,0,1
B,2,6,A3,38,0,0,1
B,2,6,A4,69,0,0,1
B,2,6,A5,0,0,0,0
B,2,6,A6,13,0,0,1
B,2,6,A7,0,0,0,0
B,2,6,A8,120,0,0,1
B,2,6,A9,46,0,0,1
B,2,6,A10,19,0,0,1
C,3,6,B1,153,0,0,1
C,3,6,B2,0,0,0,0
C,3,6,B3,1,0,0,1
C,3,6,B4,96,0,0,1
C,3,6,B5,10,2,0,1
C,3,6,B6,56,0,0,1
C,3,6,B7,0,0,0,0
C,3,6,B8,87,7,11,1
C,3,6,B9,0,0,0,0
C,3,6,B10,35,1,4,1
E,4,6,C1,8,0,0,1
E,4,6,C2,55,0,0,1
E,4,6,C3,0,0,0,0
E,4,6,C4,43,0,0,1
E,4,6,C5,45,0,0,1
E,4,6,C6,44,0,0,1
E,4,6,C7,75,2,0,1
E,4,6,C8,18,0,0,1
E,4,6,C9,0,0,0,0
E,4,6,C10,0,0,0,0
C,2,6,D1,0,0,0,0
C,2,6,D2,0,0,0,0
C,2,6,D3,72,0,0,1
C,2,6,D4,27,0,0,1
C,2,6,D5,3,0,0,1
C,2,6,D6,65,2,0,1
C,2,6,D7,0,0,0,0
C,2,6,D8,0,0,0,0
C,2,6,D9,51,0,0,1
C,2,6,D10,15,0,0,1
A,2,6,E1,20,0,0,1
A,2,6,E2,0,0,0,0
A,2,6,E3,54,0,0,1
A,2,6,E4,0,0,0,0
A,2,6,E5,38,0,0,1
A,2,6,E6,1,0,0,1
A,2,6,E7,6,0,0,1
A,2,6,E8,40,1,0,1
A,2,6,E9,9,0,0,1
A,2,6,E10,42,0,0,1
B,4,6,F1,9,0,0,1
B,4,6,F2,30,0,0,1
B,4,6,F3,26,0,0,1
B,4,6,F4,231,0,0,1
B,4,6,F5,0,0,0,0
B,4,6,F6,33,0,0,1
B,4,6,F7,0,0,0,0
B,4,6,F8,394,0,98,1
B,4,6,F9,342,0,1,1
B,4,6,F10,2,2,0,1
E,1,6,G1,6,0,0,1
E,1,6,G2,11,0,0,1
E,1,6,G3,20,0,0,1
E,1,6,G4,0,0,0,0
E,1,6,G5,72,0,0,1
E,1,6,G6,58,0,0,1
E,1,6,G7,78,0,0,1
E,1,6,G8,0,0,0,0
E,1,6,G9,0,0,0,0
E,1,6,G10,46,0,0,1
E,5,6,H1,0,0,0,0
E,5,6,H2,0,0,0,0
E,5,6,H3,0,0,0,0
E,5,6,H4,42,0,0,1
E,5,6,H5,3,0,0,1
E,5,6,H6,196,0,0,1
E,5,6,H7,0,0,0,0
E,5,6,H8,0,0,0,0
E,5,6,H9,225,0,0,1
E,5,6,H10,12,0,0,1
E,2,6,A12,0,0,0,0
E,2,6,B12,418,0,0,1
E,2,6,C12,66,0,0,1
E,2,6,D12,10,0,0,1
E,2,6,E12,117,0,0,1
E,2,6,F12,0,0,0,0
E,2,6,G12,0,0,0,0
E,2,6,H12,86,0,5,1
E,2,6,A11,99,0,0,1
E,2,6,B11,49,0,0,1
D,1,7,A1,25,0,0,1
D,1,7,A2,170,0,0,1
D,1,7,A3,326,0,29,1
D,1,7,A4,16,0,0,1
D,1,7,A5,3,0,0,1
D,1,7,A6,26,0,0,1
D,1,7,A7,69,0,0,1
D,1,7,A8,370,0,0,1
D,1,7,A9,97,0,0,1
D,1,7,A10,334,0,2,1
C,1,7,B1,114,0,7,1
C,1,7,B2,146,0,0,1
C,1,7,B3,274,0,1,1
C,1,7,B4,382,0,13,1
C,1,7,B5,269,0,4,1
C,1,7,B6,0,0,0,0
C,1,7,B7,173,0,0,1
C,1,7,B8,0,0,0,0
C,1,7,B9,24,0,0,1
C,1,7,B10,67,0,0,1
A,2,7,C1,0,0,0,0
A,2,7,C2,0,0,0,0
A,2,7,C3,41,0,0,1
A,2,7,C4,0,0,0,0
A,2,7,C5,55,0,0,1
A,2,7,C6,6,0,0,1
A,2,7,C7,0,0,0,0
A,2,7,C8,4,0,0,1
A,2,7,C9,0,0,0,0
A,2,7,C10,0,0,0,0
A,3,7,D1,7,0,0,1
A,3,7,D2,0,0,0,0
A,3,7,D3,9,0,0,1
A,3,7,D4,0,0,0,0
A,3,7,D5,41,0,0,1
A,3,7,D6,3,0,0,1
A,3,7,D7,89,0,0,1
A,3,7,D8,65,0,0,1
A,3,7,D9,17,0,0,1
A,3,7,D10,0,0,0,0
D,3,7,E1,14,0,0,1
D,3,7,E2,80,0,0,1
D,3,7,E3,0,0,0,0
D,3,7,E4,16,0,0,1
D,3,7,E5,18,0,0,1
D,3,7,E6,29,0,0,1
D,3,7,E7,58,0,0,1
D,3,7,E8,169,0,0,1
D,3,7,E9,46,0,0,1
D,3,7,E10,24,0,0,1
E,2,7,F1,57,0,0,1
E,2,7,F2,215,0,0,1
E,2,7,F3,242,0,0,1
E,2,7,F4,0,0,0,0
E,2,7,F5,0,0,0,0
E,2,7,F6,45,0,0,1
E,2,7,F7,1,0,0,1
E,2,7,F8,94,0,0,1
E,2,7,F9,318,0,23,1
E,2,7,F10,0,0,0,0
C,3,7,G1,116,0,0,1
C,3,7,G2,31,0,0,1
C,3,7,G3,7,0,0,1
C,3,7,G4,7,0,0,1
C,3,7,G5,182,0,0,1
C,3,7,G6,35,0,1,1
C,3,7,G7,28,0,0,1
C,3,7,G8,97,0,0,1
C,3,7,G9,12,0,0,1
C,3,7,G10,6,0,0,1
D,5,7,H1,17,0,0,1
D,5,7,H2,45,0,0,1
D,5,7,H3,199,0,0,1
D,5,7,H4,114,0,0,1
D,5,7,H5,4,0,0,1
D,5,7,H6,2,0,0,1
D,5,7,H7,0,0,0,0
D,5,7,H8,66,0,0,1
D,5,7,H9,0,0,0,0
D,5,7,H10,151,0,0,1
B,3,7,A1,89,1,0,1
B,3,7,A2,2,0,0,1
B,3,7,A3,0,0,0,0
B,3,7,A4,162,0,0,1
B,3,7,A5,6,0,0,1
B,3,7,A6,0,0,0,0
B,3,7,A7,pupated,pupated,pupated,pupated
B,3,7,A8,85,0,0,1
B,3,7,A9,14,0,0,1
B,3,7,A10,8,0,0,1
E,1,7,B1,137,0,0,1
E,1,7,B2,151,0,0,1
E,1,7,B3,pupated,pupated,pupated,pupated
E,1,7,B4,0,0,0,0
E,1,7,B5,pupated,pupated,pupated,pupated
E,1,7,B6,0,0,0,0
E,1,7,B7,0,0,0,0
E,1,7,B8,46,0,0,1
E,1,7,B9,42,0,0,1
E,1,7,B10,1,0,0,1
E,4,7,C1,149,0,0,1
E,4,7,C2,69,0,0,1
E,4,7,C3,133,0,0,1
E,4,7,C4,30,0,0,1
E,4,7,C5,103,0,4,1
E,4,7,C6,41,0,1,1
E,4,7,C7,0,0,0,0
E,4,7,C8,164,0,0,1
E,4,7,C9,4,0,0,1
E,4,7,C10,217,0,0,1
E,5,7,D1,1,0,0,1
E,5,7,D2,86,0,0,1
E,5,7,D3,0,0,0,0
E,5,7,D4,0,0,0,0
E,5,7,D5,0,0,0,0
E,5,7,D6,194,0,0,1
E,5,7,D7,172,0,5,1
E,5,7,D8,5,0,0,1
E,5,7,D9,0,0,0,0
E,5,7,D10,12,0,0,1
C,4,7,E1,1,0,0,1
C,4,7,E2,412,0,1,1
C,4,7,E3,2,0,0,1
C,4,7,E4,37,0,0,1
C,4,7,E5,49,0,0,1
C,4,7,E6,20,0,0,1
C,4,7,E7,4,0,0,1
C,4,7,E8,63,0,0,1
C,4,7,E9,0,0,0,0
C,4,7,E10,56,0,0,1
C,2,7,F1,67,0,0,1
C,2,7,F2,46,0,0,1
C,2,7,F3,72,0,0,1
C,2,7,F4,12,0,0,1
C,2,7,F5,9,0,0,1
C,2,7,F6,58,0,0,1
C,2,7,F7,12,0,0,1
C,2,7,F8,98,0,15,1
C,2,7,F9,99,0,0,1
C,2,7,F10,245,0,0,1
D,2,7,G1,65,0,0,1
D,2,7,G2,43,0,0,1
D,2,7,G3,0,0,0,0
D,2,7,G4,23,0,0,1
D,2,7,G5,25,0,0,1
D,2,7,G6,48,0,0,1
D,2,7,G7,60,0,0,1
D,2,7,G8,0,0,0,0
D,2,7,G9,90,0,0,1
D,2,7,G10,0,0,0,0
A,4,7,H1,12,0,0,1
A,4,7,H2,200,0,0,1
A,4,7,H3,159,0,0,1
A,4,7,H4,pupated,pupated,pupated,pupated
A,4,7,H5,7,0,0,1
A,4,7,H6,0,0,0,0
A,4,7,H7,79,0,0,1
A,4,7,H8,0,0,0,0
A,4,7,H9,229,0,13,1
A,4,7,H10,154,0,0,1
B,5,7,A1,70,0,0,1
B,5,7,A2,4,0,0,1
B,5,7,A3,25,0,0,1
B,5,7,A4,45,0,0,1
B,5,7,A5,0,0,0,0
B,5,7,A6,19,0,0,1
B,5,7,A7,136,0,0,1
B,5,7,A8,221,0,6,1
B,5,7,A9,5,0,0,1
B,5,7,A10,100,0,0,1
A,5,7,B1,11,0,0,1
A,5,7,B2,0,0,0,0
A,5,7,B3,32,0,0,1
A,5,7,B4,36,0,2,1
A,5,7,B5,57,0,0,1
A,5,7,B6,78,0,0,1
A,5,7,B7,50,0,0,1
A,5,7,B8,28,0,0,1
A,5,7,B9,13,0,0,1
A,5,7,B10,0,0,0,0
A,1,7,C1,0,0,0,0
A,1,7,C2,0,0,0,0
A,1,7,C3,59,0,0,1
A,1,7,C4,18,0,0,1
A,1,7,C5,0,0,0,0
A,1,7,C6,125,0,0,1
A,1,7,C7,50,0,0,1
A,1,7,C8,11,0,0,1
A,1,7,C9,0,0,0,0
A,1,7,C10,5,0,0,1
C,5,7,D1,0,0,0,0
C,5,7,D2,438,0,0,1
C,5,7,D3,328,0,0,1
C,5,7,D4,20,0,0,1
C,5,7,D5,2,0,0,1
C,5,7,D6,0,0,0,0
C,5,7,D7,47,0,0,1
C,5,7,D8,11,0,4,1
C,5,7,D9,0,1,0,1
C,5,7,D10,64,0,11,1
E,3,7,E1,8,0,0,1
E,3,7,E2,9,0,0,1
E,3,7,E3,0,0,0,0
E,3,7,E4,21,0,0,1
E,3,7,E5,144,0,3,1
E,3,7,E6,13,0,0,1
E,3,7,E7,0,0,0,0
E,3,7,E8,26,0,0,1
E,3,7,E9,157,0,4,1
E,3,7,E10,46,0,0,1
B,1,7,F1,62,0,0,1
B,1,7,F2,38,0,0,1
B,1,7,F3,30,0,0,1
B,1,7,F4,0,0,0,0
B,1,7,F5,2,0,0,1
B,1,7,F6,60,0,0,1
B,1,7,F7,58,0,0,1
B,1,7,F8,18,0,0,1
B,1,7,F9,19,0,0,1
B,1,7,F10,4,0,0,1
D,4,7,G1,195,0,0,1
D,4,7,G2,6,0,0,1
D,4,7,G3,0,0,0,0
D,4,7,G4,40,0,0,1
D,4,7,G5,123,0,0,1
D,4,7,G6,225,0,0,1
D,4,7,G7,0,0,0,0
D,4,7,G8,37,0,0,1
D,4,7,G9,1,0,0,1
D,4,7,G10,427,0,0,1
B,2,7,H1,16,0,0,1
B,2,7,H2,pupated,pupated,pupated,pupated
B,2,7,H3,89,0,0,1
B,2,7,H4,165,0,7,1
B,2,7,H5,0,0,0,0
B,2,7,H6,168,0,0,1
B,2,7,H7,26,0,0,1
B,2,7,H8,19,0,0,1
B,2,7,H9,122,0,0,1
B,2,7,H10,68,0,0,1
B,4,7,A12,51,0,0,1
B,4,7,B12,9,0,0,1
B,4,7,C12,41,0,0,1
B,4,7,D12,4,0,0,1
B,4,7,E12,23,0,0,1
B,4,7,F12,1,0,0,1
B,4,7,G12,26,0,0,1
B,4,7,H12,29,0,0,1
B,4,7,A11,4,0,0,1
B,4,7,B11,32,0,0,1
C,1,8,A1,79,0,0,1
C,1,8,A2,70,0,0,1
C,1,8,A3,1,0,0,1
C,1,8,A4,21,0,0,1
C,1,8,A5,0,0,0,0
C,1,8,A6,2,0,0,1
C,1,8,A7,0,0,0,0
C,1,8,A8,1,0,0,1
C,1,8,A9,89,0,0,1
C,1,8,A10,83,0,0,1
D,2,8,B1,102,0,0,1
D,2,8,B2,73,0,0,1
D,2,8,B3,2,0,0,1
D,2,8,B4,138,0,1,1
D,2,8,B5,84,0,0,1
D,2,8,B6,398,0,52,1
D,2,8,B7,228,0,3,1
D,2,8,B8,13,0,0,1
D,2,8,B9,0,0,0,0
D,2,8,B10,12,0,0,1
B,3,8,C1,128,0,0,1
B,3,8,C2,56,0,1,1
B,3,8,C3,14,0,0,1
B,3,8,C4,42,0,0,1
B,3,8,C5,16,0,0,1
B,3,8,C6,15,0,0,1
B,3,8,C7,160,0,0,1
B,3,8,C8,120,0,0,1
B,3,8,C9,63,0,0,1
B,3,8,C10,0,0,16,1
B,4,8,D1,26,0,0,1
B,4,8,D2,0,0,0,0
B,4,8,D3,10,0,0,1
B,4,8,D4,46,0,0,1
B,4,8,D5,84,0,0,1
B,4,8,D6,38,0,5,1
B,4,8,D7,46,0,0,1
B,4,8,D8,0,0,0,0
B,4,8,D9,39,0,0,1
B,4,8,D10,25,0,0,1
D,3,8,E1,4,0,0,1
D,3,8,E2,136,0,0,1
D,3,8,E3,81,0,0,1
D,3,8,E4,5,0,0,1
D,3,8,E5,0,0,0,0
D,3,8,E6,374,0,1,1
D,3,8,E7,65,0,0,1
D,3,8,E8,69,0,0,1
D,3,8,E9,207,0,0,1
D,3,8,E10,434,0,3,1
A,4,8,F1,48,0,0,1
A,4,8,F2,67,0,2,1
A,4,8,F3,50,0,0,1
A,4,8,F4,26,0,0,1
A,4,8,F5,85,0,0,1
A,4,8,F6,12,0,0,1
A,4,8,F7,9,0,0,1
A,4,8,F8,10,0,0,1
A,4,8,F9,50,0,0,1
A,4,8,F10,80,0,0,1
A,5,8,G1,7,1,0,1
A,5,8,G2,60,0,9,1
A,5,8,G3,39,0,0,1
A,5,8,G4,10,0,0,1
A,5,8,G5,0,0,0,0
A,5,8,G6,60,0,0,1
A,5,8,G7,62,0,0,1
A,5,8,G8,11,0,0,1
A,5,8,G9,55,0,0,1
A,5,8,G10,46,0,0,1
E,5,8,H1,61,0,0,1
E,5,8,H2,81,0,0,1
E,5,8,H3,29,0,0,1
E,5,8,H4,52,0,0,1
E,5,8,H5,238,0,0,1
E,5,8,H6,51,0,0,1
E,5,8,H7,74,0,0,1
E,5,8,H8,200,0,0,1
E,5,8,H9,0,0,0,0
E,5,8,H10,0,0,0,0
A,2,8,A1,111,0,0,1
A,2,8,A2,25,0,0,1
A,2,8,A3,130,0,0,1
A,2,8,A4,4,0,0,1
A,2,8,A5,0,0,0,0
A,2,8,A6,4,0,0,1
A,2,8,A7,33,0,0,1
A,2,8,A8,112,0,0,1
A,2,8,A9,119,0,0,1
A,2,8,A10,35,0,0,1
D,4,8,B1,15,0,0,1
D,4,8,B2,76,0,0,1
D,4,8,B3,53,0,0,1
D,4,8,B4,20,0,0,1
D,4,8,B5,0,0,0,0
D,4,8,B6,23,0,0,1
D,4,8,B7,10,0,0,1
D,4,8,B8,117,0,0,1
D,4,8,B9,84,0,0,1
D,4,8,B10,54,0,0,1
B,5,8,C1,443,0,33,1
B,5,8,C2,51,0,0,1
B,5,8,C3,0,0,0,0
B,5,8,C4,48,0,0,1
B,5,8,C5,6,0,0,1
B,5,8,C6,70,0,0,1
B,5,8,C7,4,0,0,1
B,5,8,C8,0,0,0,0
B,5,8,C9,0,0,0,0
B,5,8,C10,22,0,0,1
D,5,8,D1,1,0,0,1
D,5,8,D2,242,0,0,1
D,5,8,D3,0,0,0,0
D,5,8,D4,408,0,0,1
D,5,8,D5,47,0,0,1
D,5,8,D6,89,0,1,1
D,5,8,D7,0,0,0,0
D,5,8,D8,140,0,0,1
D,5,8,D9,26,0,0,1
D,5,8,D10,0,0,0,0
C,4,8,E1,160,0,2,1
C,4,8,E2,225,0,3,1
C,4,8,E3,206,0,1,1
C,4,8,E4,160,0,3,1
C,4,8,E5,83,0,0,1
C,4,8,E6,87,0,0,1
C,4,8,E7,242,0,8,1
C,4,8,E8,pupated,pupated,pupated,pupated
C,4,8,E9,pupated,pupated,pupated,pupated
C,4,8,E10,64,0,0,1
C,3,8,F1,102,0,0,1
C,3,8,F2,72,0,0,1
C,3,8,F3,0,0,0,0
C,3,8,F4,40,0,0,1
C,3,8,F5,0,0,0,0
C,3,8,F6,17,0,0,1
C,3,8,F7,5,0,0,1
C,3,8,F8,40,0,0,1
C,3,8,F9,0,0,0,0
C,3,8,F10,0,0,0,0
B,2,8,G1,2,0,0,1
B,2,8,G2,26,0,0,1
B,2,8,G3,119,0,0,1
B,2,8,G4,0,0,0,0
B,2,8,G5,0,0,0,0
B,2,8,G6,0,0,0,0
B,2,8,G7,dead,dead,dead,dead
B,2,8,G8,1,0,0,1
B,2,8,G9,101,0,0,1
B,2,8,G10,0,0,0,0
C,2,8,H1,13,0,0,1
C,2,8,H2,0,0,0,0
C,2,8,H3,4,0,0,1
C,2,8,H4,30,0,0,1
C,2,8,H5,0,0,0,0
C,2,8,H6,87,0,0,1
C,2,8,H7,210,0,26,1
C,2,8,H8,0,0,0,0
C,2,8,H9,34,0,1,1
C,2,8,H10,17,0,0,1
E,4,8,A1,5,0,0,1
E,4,8,A2,286,0,1,1
E,4,8,A3,81,0,8,1
E,4,8,A4,20,0,0,1
E,4,8,A5,31,0,0,1
E,4,8,A6,234,0,10,1
E,4,8,A7,142,0,2,1
E,4,8,A8,0,0,0,0
E,4,8,A9,pupated,pupated,pupated,pupated
E,4,8,A10,pupated,pupated,pupated,pupated
E,2,8,B1,2,0,0,1
E,2,8,B2,58,0,0,1
E,2,8,B3,75,0,0,1
E,2,8,B4,0,0,0,0
E,2,8,B5,156,0,0,1
E,2,8,B6,0,0,0,0
E,2,8,B7,2,0,0,1
E,2,8,B8,48,0,0,1
E,2,8,B9,77,0,0,1
E,2,8,B10,60,0,0,1
E,3,8,C1,141,0,0,1
E,3,8,C2,3,0,0,1
E,3,8,C3,0,0,0,0
E,3,8,C4,113,0,2,1
E,3,8,C5,52,0,1,1
E,3,8,C6,95,0,4,1
E,3,8,C7,pupated,pupated,pupated,pupated
E,3,8,C8,89,0,3,1
E,3,8,C9,0,0,0,0
E,3,8,C10,74,0,2,1
A,3,8,D1,56,0,0,1
A,3,8,D2,46,0,1,1
A,3,8,D3,51,0,0,1
A,3,8,D4,0,0,0,0
A,3,8,D5,67,0,0,1
A,3,8,D6,96,0,0,1
A,3,8,D7,19,0,0,1
A,3,8,D8,58,0,3,1
A,3,8,D9,63,0,0,1
A,3,8,D10,4,0,0,1
B,1,8,E1,27,0,0,1
B,1,8,E2,8,0,0,1
B,1,8,E3,31,0,0,1
B,1,8,E4,59,0,0,1
B,1,8,E5,82,0,0,1
B,1,8,E6,1,0,0,1
B,1,8,E7,33,0,0,1
B,1,8,E8,1,0,0,1
B,1,8,E9,297,0,4,1
B,1,8,E10,0,0,0,0
E,1,8,F1,323,0,8,1
E,1,8,F2,65,0,0,1
E,1,8,F3,bad_dissection,bad_dissection,bad_dissection,bad_dissection
E,1,8,F4,288,0,0,1
E,1,8,F5,0,0,0,0
E,1,8,F6,pupated,pupated,pupated,pupated
E,1,8,F7,0,0,0,0
E,1,8,F8,133,0,0,1
E,1,8,F9,103,0,0,1
E,1,8,F10,57,0,0,1
A,1,8,G1,28,0,0,1
A,1,8,G2,56,0,0,1
A,1,8,G3,12,0,0,1
A,1,8,G4,0,0,0,0
A,1,8,G5,22,0,0,1
A,1,8,G6,30,0,0,1
A,1,8,G7,8,0,0,1
A,1,8,G8,80,0,0,1
A,1,8,G9,0,0,0,0
A,1,8,G10,0,0,0,0
C,5,8,H1,58,0,0,1
C,5,8,H2,0,0,0,0
C,5,8,H3,109,0,0,1
C,5,8,H4,139,0,5,1
C,5,8,H5,38,0,0,1
C,5,8,H6,36,0,0,1
C,5,8,H7,140,0,0,1
C,5,8,H8,pupated,pupated,pupated,pupated
C,5,8,H9,0,0,0,0
C,5,8,H10,pupated,pupated,pupated,pupated
D,1,8,A12,77,0,0,1
D,1,8,B12,0,0,0,0
D,1,8,C12,119,0,0,1
D,1,8,D12,16,0,1,1
D,1,8,E12,2,0,0,1
D,1,8,F12,4,0,0,1
D,1,8,G12,5,0,0,1
D,1,8,H12,117,0,0,1
D,1,8,A11,0,0,0,0
D,1,8,B11,2,0,0,1